color_id,color_name,episode_id
1,Black_Gesso,"{3, 6, 16, 22, 24, 34, 36, 43, 44, 54, 62, 66, 70, 77, 101, 104, 107, 110, 117, 122, 125, 135, 140, 148, 151, 160, 162, 165, 172, 180, 181, 187, 191, 192, 194, 197, 203, 206, 208, 211, 215, 219, 220, 224, 225, 228, 230, 232, 236, 240, 244, 246, 253, 255, 261, 263, 264, 265, 268, 269, 276, 285, 286, 288, 292, 294, 296, 301, 303, 304, 306, 307, 312, 314, 315, 316, 319, 321, 323, 329, 332, 334, 336, 338, 339, 348, 350, 355, 359, 362, 368, 371, 374, 378, 379, 381, 387, 390, 398, 400, 403}"
2,Bright_Red,"{1, 2, 3, 5, 7, 8, 9, 10, 11, 13, 14, 15, 16, 18, 19, 20, 21, 22, 23, 25, 26, 27, 28, 29, 30, 32, 35, 36, 37, 38, 41, 42, 43, 44, 45, 46, 47, 48, 49, 50, 51, 53, 54, 57, 59, 62, 64, 65, 66, 67, 68, 69, 70, 72, 73, 74, 75, 76, 77, 78, 79, 80, 81, 82, 83, 84, 85, 86, 87, 88, 90, 91, 92, 93, 94, 95, 96, 97, 98, 99, 100, 101, 102, 103, 104, 105, 106, 107, 108, 109, 110, 111, 112, 113, 114, 115, 116, 117, 118, 119, 120, 121, 122, 123, 124, 125, 126, 127, 128, 129, 130, 131, 132, 134, 135, 136, 137, 138, 140, 142, 143, 145, 146, 147, 148, 149, 150, 151, 152, 153, 154, 155, 156, 157, 159, 160, 161, 163, 166, 167, 169, 170, 171, 174, 175, 176, 177, 178, 179, 180, 181, 183, 184, 185, 186, 188, 189, 190, 192, 193, 194, 196, 197, 198, 199, 200, 202, 203, 205, 207, 208, 209, 210, 211, 212, 213, 214, 215, 216, 217, 218, 219, 220, 221, 222, 223, 225, 226, 227, 228, 229, 231, 232, 233, 234, 235, 236, 237, 240, 241, 242, 243, 244, 245, 247, 248, 249, 250, 251, 253, 254, 255, 257, 258, 259, 260, 261, 263, 264, 265, 267, 268, 269, 271, 272, 274, 275, 276, 277, 279, 280, 281, 282, 284, 285, 286, 288, 289, 290, 291, 292, 293, 294, 295, 296, 297, 300, 301, 303, 304, 305, 306, 307, 308, 311, 313, 316, 317, 318, 319, 320, 321, 323, 324, 325, 327, 328, 329, 330, 333, 334, 335, 336, 337, 339, 340, 342, 344, 345, 347, 350, 351, 352, 353, 354, 356, 357, 358, 359, 361, 362, 363, 364, 365, 366, 367, 368, 369, 371, 372, 373, 374, 377, 378, 379, 380, 381, 382, 385, 386, 388, 389, 391, 393, 394, 396, 397, 399, 400, 401, 403}"
3,Burnt_Umber,"{14, 15, 16, 18, 19, 20, 21, 23, 24, 25, 26, 27, 28, 29, 31, 32, 33, 34, 35, 36, 37, 38, 41, 42, 43, 44, 45, 46, 47, 48, 49, 50, 51, 53, 54, 56, 57, 59, 60, 62, 63, 64, 65, 66, 67, 68, 69, 70, 71, 72, 74, 75, 76, 77, 78}"
4,Cadmium_Yellow,"{1, 2, 3, 5, 7, 8, 9, 10, 11, 13, 14, 15, 16, 18, 19, 20, 21, 22, 23, 24, 25, 26, 27, 28, 29, 30, 31, 32, 33, 34, 35, 36, 37, 38, 39, 41, 42, 43, 44, 45, 46, 47, 48, 49, 50, 51, 52, 53, 54, 57, 59, 60, 61, 63, 65, 66, 67, 68, 69, 70, 71, 72, 73, 74, 75, 76, 77, 78, 80, 81, 82, 83, 85, 86, 87, 88, 90, 91, 92, 93, 94, 95, 96, 97, 98, 99, 100, 101, 102, 103, 106, 107, 108, 110, 111, 112, 113, 114, 115, 116, 117, 118, 119, 120, 121, 122, 123, 125, 126, 127, 128, 129, 130, 131, 133, 134, 135, 137, 138, 140, 141, 142, 143, 144, 145, 146, 147, 148, 149, 150, 151, 152, 153, 154, 155, 157, 159, 160, 161, 162, 163, 164, 165, 166, 167, 168, 169, 170, 171, 172, 174, 175, 176, 177, 178, 179, 180, 181, 182, 183, 184, 185, 186, 188, 189, 190, 191, 192, 193, 194, 195, 196, 197, 198, 199, 200, 202, 203, 205, 206, 207, 208, 209, 210, 211, 212, 213, 214, 215, 216, 217, 218, 219, 220, 221, 222, 223, 224, 225, 226, 227, 228, 230, 231, 232, 233, 234, 235, 236, 237, 239, 240, 241, 242, 243, 244, 245, 246, 247, 248, 249, 251, 252, 253, 254, 255, 257, 258, 259, 260, 261, 262, 263, 264, 265, 267, 268, 269, 271, 272, 273, 274, 275, 276, 277, 278, 279, 280, 281, 282, 284, 285, 286, 287, 288, 289, 290, 291, 292, 293, 294, 295, 296, 298, 300, 303, 304, 305, 306, 307, 308, 309, 311, 313, 315, 316, 317, 318, 319, 320, 321, 322, 323, 324, 325, 326, 327, 328, 329, 330, 333, 334, 335, 336, 337, 338, 339, 340, 341, 342, 344, 345, 346, 347, 350, 351, 352, 353, 354, 356, 357, 358, 359, 361, 362, 363, 364, 365, 366, 367, 368, 369, 370, 371, 372, 377, 378, 379, 381, 382, 383, 385, 386, 387, 388, 389, 390, 391, 393, 394, 396, 397, 399, 400, 401, 403}"
5,Dark_Sienna,"{79, 80, 82, 83, 84, 85, 86, 88, 90, 91, 93, 94, 95, 96, 97, 98, 99, 100, 101, 103, 104, 105, 106, 107, 108, 109, 110, 111, 112, 113, 114, 115, 116, 117, 118, 119, 120, 121, 122, 123, 124, 125, 126, 127, 128, 129, 130, 131, 132, 133, 134, 135, 136, 137, 138, 139, 140, 141, 142, 143, 144, 145, 146, 147, 148, 149, 150, 151, 152, 153, 154, 155, 157, 158, 159, 160, 161, 162, 163, 164, 165, 166, 167, 168, 169, 170, 171, 172, 173, 174, 175, 176, 177, 178, 179, 180, 181, 182, 183, 184, 185, 186, 187, 188, 189, 190, 191, 192, 193, 194, 195, 196, 197, 198, 199, 200, 202, 203, 204, 206, 207, 208, 209, 210, 211, 212, 213, 214, 215, 216, 217, 218, 219, 220, 221, 222, 223, 224, 225, 226, 227, 228, 229, 230, 231, 232, 233, 234, 235, 236, 237, 238, 239, 240, 241, 242, 243, 244, 245, 246, 247, 248, 249, 250, 251, 252, 253, 254, 255, 256, 257, 258, 259, 260, 261, 262, 263, 264, 265, 266, 267, 268, 269, 272, 273, 274, 275, 276, 277, 278, 279, 280, 281, 282, 283, 284, 285, 286, 288, 289, 290, 291, 292, 293, 294, 295, 296, 297, 298, 299, 300, 301, 305, 307, 308, 311, 313, 315, 316, 317, 318, 319, 320, 321, 322, 323, 324, 325, 326, 328, 329, 330, 331, 333, 334, 335, 336, 337, 339, 340, 342, 343, 345, 346, 347, 349, 350, 352, 354, 357, 359, 361, 363, 365, 366, 367, 368, 369, 371, 372, 373, 375, 376, 377, 378, 379, 380, 381, 382, 383, 384, 385, 386, 387, 388, 389, 390, 391, 392, 393, 394, 395, 396, 397, 398, 399, 400, 401, 402, 403}"
6,Indian_Red,{274}
7,Indian_Yellow,"{14, 15, 16, 21, 22, 23, 24, 25, 26, 27, 28, 29, 36, 37, 41, 42, 45, 46, 47, 48, 49, 50, 51, 52, 53, 54, 56, 57, 58, 59, 60, 63, 64, 65, 66, 67, 68, 69, 70, 72, 73, 74, 75, 76, 77, 78, 80, 81, 82, 83, 84, 85, 86, 87, 88, 91, 92, 93, 94, 95, 96, 97, 98, 99, 100, 101, 102, 103, 107, 108, 111, 112, 113, 114, 115, 117, 118, 119, 120, 121, 123, 125, 126, 127, 128, 130, 131, 134, 135, 137, 138, 140, 141, 142, 143, 144, 145, 146, 147, 149, 150, 151, 152, 153, 154, 155, 157, 159, 160, 161, 162, 163, 164, 166, 169, 170, 171, 172, 174, 175, 176, 177, 178, 179, 180, 181, 182, 184, 185, 186, 189, 190, 192, 193, 194, 195, 196, 197, 198, 199, 200, 203, 205, 206, 207, 208, 210, 211, 213, 214, 215, 216, 217, 218, 220, 221, 222, 223, 225, 226, 227, 228, 230, 231, 232, 234, 235, 236, 237, 239, 240, 242, 244, 247, 248, 249, 250, 251, 252, 253, 254, 255, 257, 258, 259, 260, 261, 262, 263, 264, 265, 266, 267, 268, 269, 271, 272, 275, 276, 277, 278, 279, 280, 281, 282, 284, 285, 286, 288, 289, 290, 291, 292, 294, 295, 296, 300, 303, 304, 305, 306, 307, 308, 311, 313, 314, 316, 317, 318, 319, 320, 321, 323, 324, 325, 326, 327, 328, 329, 330, 332, 333, 334, 335, 337, 339, 340, 341, 342, 344, 345, 347, 350, 351, 352, 354, 355, 356, 357, 358, 359, 361, 362, 363, 365, 366, 367, 368, 369, 371, 372, 377, 378, 379, 380, 381, 382, 383, 385, 387, 388, 389, 390, 391, 393, 394, 396, 397, 399, 400, 401, 403}"
8,Liquid_Black,"{30, 50, 55, 58, 91, 147, 176, 231, 234, 340, 342, 349, 393, 399}"
9,Liquid_Clear,"{61, 106, 116, 127, 133, 141, 152, 153, 188, 213, 215, 224, 236, 240, 243, 246, 249, 255, 262, 263, 265, 267, 273, 286, 294, 303, 304, 307, 312, 316, 319, 329, 338, 339, 340, 342, 343, 347, 348, 349, 350, 355, 356, 368, 376, 379, 381, 382, 387, 398, 400}"
10,Midnight_Black,"{32, 43, 80, 81, 82, 84, 85, 86, 88, 89, 90, 92, 93, 94, 95, 96, 97, 98, 99, 100, 101, 103, 104, 105, 106, 107, 108, 109, 110, 111, 112, 113, 114, 115, 116, 117, 118, 119, 120, 121, 122, 123, 124, 125, 126, 127, 128, 129, 130, 131, 132, 133, 134, 135, 136, 137, 138, 139, 140, 142, 143, 144, 145, 146, 147, 148, 149, 150, 151, 152, 153, 154, 155, 156, 157, 158, 159, 160, 161, 162, 163, 164, 165, 166, 167, 168, 169, 170, 171, 172, 173, 174, 175, 176, 177, 178, 179, 180, 181, 182, 183, 184, 185, 186, 187, 188, 189, 190, 191, 192, 193, 194, 195, 196, 197, 198, 199, 200, 202, 203, 204, 205, 206, 207, 208, 209, 210, 211, 212, 213, 214, 215, 216, 217, 218, 219, 220, 221, 222, 223, 224, 225, 226, 227, 228, 229, 230, 231, 232, 233, 234, 235, 236, 237, 238, 239, 240, 241, 242, 243, 244, 245, 246, 247, 248, 249, 250, 251, 252, 253, 254, 255, 256, 257, 258, 259, 260, 261, 262, 263, 264, 265, 266, 267, 268, 269, 270, 271, 272, 273, 274, 275, 276, 277, 278, 279, 280, 281, 282, 283, 284, 285, 286, 287, 288, 289, 290, 291, 292, 293, 294, 295, 296, 297, 298, 299, 300, 301, 302, 303, 304, 305, 306, 307, 308, 309, 310, 311, 312, 313, 315, 316, 317, 318, 319, 320, 321, 322, 323, 324, 325, 326, 327, 328, 329, 330, 331, 333, 334, 335, 336, 337, 338, 339, 340, 341, 342, 343, 344, 345, 346, 347, 348, 349, 350, 351, 352, 353, 354, 356, 357, 358, 359, 360, 361, 362, 363, 364, 365, 366, 367, 368, 369, 370, 371, 372, 373, 374, 375, 376, 377, 378, 379, 380, 381, 382, 383, 384, 385, 386, 387, 388, 389, 390, 391, 392, 393, 394, 395, 396, 397, 398, 399, 400, 401, 402, 403}"
11,Phthalo_Blue,"{14, 15, 16, 18, 19, 20, 21, 22, 23, 24, 25, 26, 27, 28, 29, 33, 35, 37, 38, 39, 40, 41, 42, 44, 45, 46, 48, 49, 51, 52, 53, 54, 55, 56, 57, 59, 60, 61, 62, 65, 66, 67, 68, 69, 70, 71, 72, 74, 76, 77, 78, 80, 82, 83, 84, 85, 87, 88, 90, 91, 92, 93, 94, 95, 97, 98, 99, 100, 102, 103, 104, 105, 106, 107, 108, 109, 110, 111, 112, 113, 114, 115, 116, 117, 118, 119, 120, 121, 122, 123, 124, 125, 126, 127, 128, 129, 130, 131, 133, 134, 137, 138, 139, 140, 145, 146, 148, 149, 150, 151, 152, 153, 154, 155, 156, 157, 159, 160, 161, 162, 163, 164, 166, 167, 168, 169, 170, 171, 172, 173, 174, 175, 176, 177, 178, 179, 180, 181, 182, 183, 184, 186, 187, 188, 189, 190, 191, 192, 193, 194, 195, 196, 197, 198, 199, 200, 202, 203, 204, 205, 206, 208, 209, 210, 211, 212, 213, 214, 215, 216, 217, 218, 219, 220, 221, 222, 223, 224, 225, 226, 227, 228, 229, 230, 231, 232, 233, 234, 235, 236, 237, 239, 240, 241, 242, 243, 244, 245, 246, 247, 248, 249, 250, 251, 252, 253, 254, 255, 256, 257, 258, 259, 260, 261, 262, 263, 264, 265, 266, 267, 268, 269, 271, 272, 273, 275, 276, 277, 278, 279, 280, 281, 282, 283, 284, 285, 286, 287, 289, 292, 294, 295, 296, 297, 298, 299, 300, 301, 302, 303, 304, 305, 306, 307, 309, 310, 311, 312, 313, 316, 319, 320, 321, 328, 329, 330, 332, 333, 334, 335, 336, 337, 339, 340, 342, 347, 349, 350, 351, 352, 353, 354, 355, 356, 357, 358, 359, 360, 361, 362, 363, 364, 365, 367, 368, 369, 370, 372, 373, 375, 376, 377, 378, 380, 382, 384, 385, 386, 387, 388, 390, 391, 392, 393, 394, 395, 396, 398, 399, 400, 401, 402, 403}"
12,Phthalo_Green,"{1, 2, 3, 5, 7, 8, 9, 10, 11, 13, 14, 15, 16, 18, 19, 20, 21, 22, 23, 24, 25, 26, 27, 28, 29, 30, 33, 34, 37, 39, 42, 44, 46, 48, 49, 51, 52, 53, 54, 55, 61, 62, 65, 70, 71, 72, 74, 76, 78, 80, 82, 84, 87, 93, 99, 104, 116, 118, 122, 146, 147, 148, 159, 163, 168, 170, 174, 176, 178, 179, 186, 188, 196, 200, 215, 216, 227, 242, 247, 252, 260, 267, 268, 272, 275, 276, 282, 294, 295, 296, 297, 300, 304, 307, 309, 311, 313, 321, 329, 330, 335, 336, 340, 342, 347, 362, 363, 365, 367, 370, 376, 385, 388, 396, 399, 400}"
13,Prussian_Blue,"{1, 2, 3, 4, 5, 6, 7, 8, 9, 10, 11, 12, 13, 14, 15, 16, 17, 18, 19, 20, 21, 22, 23, 24, 25, 26, 27, 28, 29, 32, 33, 35, 37, 38, 39, 42, 43, 44, 45, 47, 48, 50, 51, 52, 58, 62, 63, 64, 66, 67, 69, 73, 75, 79, 86, 87, 88, 96, 99, 102, 105, 106, 110, 116, 118, 119, 120, 121, 122, 123, 126, 127, 128, 129, 130, 131, 132, 134, 135, 136, 137, 141, 142, 143, 145, 146, 147, 149, 150, 152, 153, 154, 156, 157, 158, 159, 163, 165, 166, 167, 169, 170, 171, 172, 174, 175, 176, 177, 178, 179, 180, 182, 183, 184, 185, 186, 187, 188, 189, 190, 191, 193, 194, 195, 196, 198, 199, 200, 207, 211, 213, 215, 216, 217, 219, 220, 222, 224, 227, 229, 231, 236, 237, 238, 239, 240, 241, 242, 246, 247, 248, 252, 256, 257, 258, 260, 261, 263, 267, 269, 270, 272, 273, 274, 275, 276, 277, 280, 281, 282, 283, 285, 287, 288, 289, 290, 291, 292, 293, 294, 295, 296, 297, 299, 300, 301, 302, 303, 304, 305, 306, 307, 308, 310, 311, 312, 313, 315, 316, 317, 318, 320, 321, 322, 323, 324, 325, 326, 327, 328, 329, 330, 331, 332, 333, 335, 337, 338, 340, 342, 343, 345, 346, 349, 350, 352, 353, 354, 355, 357, 359, 360, 363, 365, 367, 368, 369, 370, 372, 374, 375, 376, 377, 379, 380, 381, 382, 383, 384, 385, 386, 387, 388, 390, 391, 392, 393, 395, 396, 397, 399, 401, 402}"
14,Sap_Green,"{1, 2, 3, 5, 7, 8, 9, 10, 11, 13, 14, 15, 16, 18, 19, 20, 21, 22, 23, 24, 25, 26, 27, 28, 29, 31, 32, 33, 34, 35, 37, 38, 39, 41, 42, 45, 46, 47, 48, 49, 50, 51, 52, 53, 54, 56, 57, 59, 60, 62, 63, 65, 66, 67, 68, 69, 70, 72, 74, 75, 76, 77, 78, 80, 81, 82, 84, 86, 87, 88, 90, 91, 92, 93, 95, 96, 97, 99, 100, 102, 108, 111, 112, 113, 114, 115, 116, 117, 118, 119, 120, 121, 123, 125, 126, 128, 130, 131, 133, 134, 135, 137, 138, 142, 143, 145, 146, 147, 149, 150, 151, 153, 154, 155, 157, 159, 160, 161, 162, 163, 164, 165, 166, 169, 170, 171, 172, 174, 175, 176, 178, 179, 180, 181, 182, 184, 185, 186, 189, 190, 192, 193, 194, 195, 196, 197, 199, 200, 202, 203, 205, 206, 207, 208, 210, 211, 213, 215, 216, 217, 218, 219, 220, 221, 222, 223, 225, 226, 227, 228, 230, 231, 232, 233, 234, 236, 237, 239, 240, 242, 244, 247, 248, 249, 251, 252, 253, 254, 255, 257, 258, 259, 260, 261, 263, 264, 265, 267, 268, 269, 271, 272, 273, 274, 275, 276, 277, 279, 280, 281, 282, 284, 285, 286, 287, 288, 289, 291, 292, 294, 295, 296, 300, 301, 302, 303, 304, 305, 306, 307, 308, 309, 311, 312, 313, 314, 316, 317, 318, 319, 320, 321, 322, 323, 324, 325, 326, 327, 328, 329, 330, 333, 334, 335, 337, 338, 340, 341, 342, 344, 345, 350, 351, 352, 353, 354, 355, 356, 357, 358, 359, 361, 362, 363, 364, 365, 366, 367, 368, 369, 370, 371, 372, 373, 374, 377, 378, 379, 381, 382, 383, 385, 386, 387, 388, 389, 390, 391, 393, 394, 396, 397, 398, 399, 401, 403}"
15,Titanium_White,"{1, 2, 3, 4, 5, 6, 7, 8, 9, 10, 11, 12, 13, 14, 15, 16, 17, 18, 19, 20, 21, 22, 23, 24, 25, 26, 27, 28, 29, 30, 31, 32, 33, 34, 35, 37, 38, 39, 40, 41, 42, 43, 44, 45, 46, 47, 48, 49, 50, 51, 52, 53, 54, 55, 56, 57, 58, 59, 60, 61, 62, 63, 64, 65, 66, 67, 68, 69, 70, 71, 72, 73, 74, 75, 76, 77, 78, 79, 80, 81, 82, 83, 84, 85, 86, 87, 88, 89, 90, 91, 92, 93, 94, 95, 96, 97, 98, 99, 100, 101, 102, 103, 104, 105, 106, 107, 108, 109, 110, 111, 112, 113, 114, 115, 116, 117, 118, 119, 120, 121, 122, 123, 124, 125, 126, 127, 128, 129, 130, 131, 132, 133, 134, 135, 136, 137, 138, 139, 140, 141, 142, 143, 144, 145, 146, 147, 148, 149, 150, 151, 152, 153, 154, 155, 156, 157, 158, 159, 160, 161, 162, 163, 164, 165, 166, 167, 168, 169, 170, 171, 172, 173, 174, 175, 176, 177, 178, 179, 180, 181, 182, 183, 184, 185, 186, 187, 188, 189, 190, 191, 192, 193, 194, 195, 196, 197, 198, 199, 200, 202, 203, 204, 205, 206, 207, 208, 209, 210, 211, 212, 213, 214, 215, 216, 217, 218, 219, 220, 221, 222, 223, 224, 225, 226, 227, 228, 229, 230, 231, 232, 233, 234, 235, 236, 237, 238, 239, 240, 241, 242, 243, 244, 245, 246, 247, 248, 249, 250, 251, 252, 253, 254, 255, 256, 257, 258, 259, 260, 261, 262, 263, 264, 265, 266, 267, 268, 269, 270, 271, 272, 273, 274, 275, 276, 277, 278, 279, 280, 281, 282, 283, 284, 285, 286, 287, 288, 289, 290, 291, 292, 293, 294, 295, 296, 297, 298, 299, 300, 301, 302, 303, 304, 305, 306, 307, 308, 309, 310, 311, 312, 313, 314, 315, 316, 317, 318, 319, 320, 321, 322, 323, 324, 325, 326, 327, 328, 329, 330, 331, 332, 333, 334, 335, 336, 337, 338, 339, 340, 341, 342, 343, 344, 345, 346, 347, 348, 349, 350, 351, 352, 353, 354, 355, 356, 357, 358, 359, 360, 361, 362, 363, 364, 365, 366, 367, 368, 369, 370, 371, 372, 373, 375, 376, 377, 378, 379, 380, 381, 382, 383, 384, 385, 386, 387, 388, 389, 390, 391, 392, 393, 394, 395, 396, 397, 398, 399, 400, 401, 402, 403}"
16,Van_Dyke_Brown,"{1, 2, 3, 4, 5, 6, 7, 8, 9, 10, 11, 12, 13, 14, 15, 16, 17, 18, 19, 20, 21, 22, 23, 24, 25, 26, 27, 28, 29, 30, 31, 32, 33, 34, 35, 36, 37, 38, 39, 40, 41, 42, 44, 45, 46, 47, 48, 49, 50, 51, 52, 53, 54, 56, 57, 58, 59, 60, 62, 63, 65, 66, 67, 68, 69, 70, 71, 72, 73, 74, 75, 76, 77, 78, 79, 80, 82, 84, 85, 86, 87, 88, 90, 91, 92, 93, 94, 95, 96, 97, 98, 99, 100, 101, 102, 103, 104, 105, 106, 107, 108, 109, 110, 111, 112, 113, 114, 115, 116, 117, 118, 119, 120, 121, 122, 123, 124, 125, 126, 127, 128, 129, 130, 131, 132, 133, 134, 135, 136, 137, 138, 139, 140, 141, 142, 143, 144, 145, 146, 147, 148, 149, 150, 151, 152, 153, 154, 155, 156, 157, 158, 159, 160, 161, 162, 163, 164, 165, 166, 167, 168, 169, 170, 171, 172, 173, 174, 175, 176, 177, 178, 179, 180, 181, 182, 183, 184, 185, 186, 187, 188, 189, 190, 191, 192, 193, 194, 195, 196, 197, 198, 199, 200, 201, 202, 203, 204, 205, 206, 207, 208, 209, 210, 211, 212, 213, 214, 215, 216, 217, 218, 219, 220, 221, 222, 223, 224, 225, 226, 227, 228, 229, 230, 231, 232, 233, 234, 235, 236, 237, 238, 239, 240, 241, 242, 243, 244, 245, 246, 247, 248, 249, 250, 251, 252, 253, 254, 255, 257, 258, 259, 260, 261, 262, 263, 264, 265, 266, 267, 268, 269, 272, 273, 274, 275, 276, 277, 278, 279, 280, 281, 282, 283, 284, 285, 286, 287, 288, 289, 290, 291, 292, 293, 294, 295, 296, 297, 298, 299, 300, 301, 305, 307, 308, 311, 313, 315, 316, 317, 318, 319, 320, 321, 322, 323, 324, 325, 326, 328, 329, 330, 331, 333, 334, 335, 336, 337, 339, 340, 342, 343, 345, 346, 347, 348, 349, 350, 352, 354, 357, 359, 361, 363, 365, 366, 367, 368, 369, 370, 371, 372, 373, 375, 376, 377, 378, 379, 380, 381, 382, 383, 384, 385, 386, 387, 388, 389, 390, 391, 392, 393, 394, 395, 396, 397, 398, 399, 400, 401, 402, 403}"
17,Yellow_Ochre,"{14, 15, 16, 18, 19, 20, 21, 22, 23, 24, 25, 26, 27, 28, 29, 31, 32, 33, 34, 35, 36, 37, 38, 39, 41, 42, 45, 46, 47, 48, 49, 51, 52, 53, 54, 57, 59, 60, 62, 65, 66, 67, 68, 69, 70, 71, 72, 74, 75, 76, 77, 78, 79, 80, 82, 83, 84, 85, 86, 87, 88, 90, 91, 92, 93, 94, 95, 96, 97, 98, 99, 100, 101, 102, 103, 105, 106, 107, 108, 110, 111, 112, 113, 114, 115, 116, 117, 118, 119, 120, 121, 122, 123, 125, 126, 127, 128, 130, 131, 133, 134, 135, 137, 138, 141, 142, 143, 144, 145, 146, 147, 149, 150, 151, 152, 153, 154, 155, 157, 159, 160, 161, 162, 163, 164, 165, 166, 167, 169, 170, 171, 172, 173, 174, 175, 176, 177, 178, 179, 180, 181, 182, 183, 184, 185, 186, 188, 189, 190, 192, 193, 194, 195, 196, 197, 198, 199, 200, 202, 203, 204, 206, 207, 208, 209, 210, 211, 212, 213, 214, 215, 216, 217, 218, 219, 220, 221, 222, 223, 225, 226, 227, 228, 230, 231, 232, 233, 234, 235, 236, 237, 238, 239, 240, 241, 242, 243, 244, 245, 247, 248, 249, 250, 251, 252, 253, 254, 255, 257, 258, 259, 260, 261, 262, 263, 264, 265, 266, 267, 268, 269, 271, 272, 273, 274, 275, 276, 277, 278, 279, 280, 281, 282, 284, 285, 286, 288, 289, 290, 291, 292, 293, 294, 295, 296, 297, 298, 300, 301, 303, 304, 305, 306, 307, 308, 309, 311, 313, 314, 315, 316, 317, 318, 319, 320, 321, 323, 324, 325, 326, 327, 328, 329, 330, 333, 334, 335, 337, 340, 342, 344, 345, 347, 348, 350, 351, 352, 353, 354, 356, 357, 358, 359, 361, 362, 363, 364, 365, 366, 367, 368, 369, 371, 372, 373, 377, 378, 379, 380, 381, 382, 383, 385, 386, 388, 389, 390, 391, 393, 394, 396, 397, 398, 399, 400, 401, 403}"
18,Alizarin_Crimson,"{1, 2, 3, 5, 7, 8, 9, 10, 11, 12, 13, 14, 15, 16, 18, 19, 20, 21, 22, 23, 24, 25, 26, 27, 28, 29, 30, 31, 32, 33, 34, 35, 36, 37, 38, 39, 40, 41, 42, 44, 45, 46, 47, 48, 49, 50, 51, 52, 53, 54, 55, 56, 57, 58, 59, 60, 61, 62, 63, 65, 66, 67, 68, 69, 70, 71, 72, 73, 74, 75, 76, 77, 78, 80, 81, 82, 83, 84, 85, 86, 87, 89, 91, 92, 93, 94, 95, 96, 97, 98, 99, 100, 101, 102, 103, 104, 105, 106, 107, 108, 109, 110, 111, 112, 113, 114, 115, 116, 117, 118, 119, 120, 121, 122, 123, 124, 125, 127, 128, 129, 130, 131, 132, 133, 134, 135, 137, 138, 139, 140, 142, 143, 145, 146, 147, 149, 150, 152, 153, 154, 155, 156, 157, 159, 160, 161, 163, 164, 166, 167, 168, 169, 170, 171, 172, 173, 174, 175, 176, 177, 178, 179, 180, 181, 182, 183, 184, 185, 186, 187, 188, 189, 190, 191, 192, 193, 194, 195, 196, 197, 198, 199, 200, 202, 203, 204, 205, 206, 207, 208, 209, 210, 211, 212, 213, 214, 215, 216, 217, 218, 219, 220, 221, 222, 223, 224, 225, 226, 227, 228, 229, 230, 231, 232, 233, 234, 235, 236, 237, 238, 239, 240, 241, 242, 243, 244, 245, 246, 247, 248, 249, 250, 251, 252, 253, 254, 255, 256, 257, 258, 259, 260, 261, 262, 263, 264, 265, 266, 267, 268, 269, 271, 272, 273, 274, 275, 276, 277, 278, 279, 280, 281, 282, 283, 284, 285, 286, 287, 288, 289, 290, 291, 292, 293, 294, 295, 296, 298, 299, 300, 301, 302, 303, 304, 305, 306, 307, 308, 309, 310, 311, 312, 313, 314, 315, 316, 317, 318, 319, 320, 321, 322, 323, 324, 325, 326, 327, 328, 329, 330, 331, 333, 334, 335, 336, 337, 339, 340, 341, 342, 343, 344, 345, 346, 347, 348, 349, 350, 351, 352, 353, 354, 355, 356, 357, 358, 359, 361, 362, 363, 364, 365, 366, 367, 368, 369, 370, 371, 372, 373, 374, 375, 376, 377, 378, 379, 380, 381, 382, 383, 384, 385, 386, 387, 388, 389, 390, 391, 392, 393, 394, 395, 396, 397, 398, 399, 400, 401, 402, 403}"
